recette;academie;categorie_associee
biscuit-sacher;pro;chocolat
bonbons-moules-ganache-choco;pro;chocolat
brownie;public;chocolat
buche-moulee;pro;chocolat
buche-traditionnelle;pro;chocolat
buchechocolat;public;chocolat
cake-pops-cd;pro;chocolat
carre-chocolat-maroc;pro;chocolat
chocolats-liqueur;pro;chocolat
cigares-chocolat-maroc;pro;chocolat
cookies;public;chocolat
crepeschoco;public;chocolat
dacquoise-ganache;pro;chocolat
entremets-trois-chocolats-choco;pro;chocolat
finger-chocolat-maroc;pro;chocolat
fondantcaramel;public;chocolat
ganache-a-cadrer-nature-choco;pro;chocolat
ganache-de-masquage-cd;pro;chocolat
ganache-framboise-a-cadrer-choco;pro;chocolat
ganache-lait-caramel-choco;pro;chocolat
ganache-montee-vanille-choco;pro;chocolat
gateau-porteur-au-chocolat-cd;pro;chocolat
gateauetages;public;chocolat
gateaux-au-chocolat-maroc;pro;chocolat
ghriba-au-chocolat-maroc;pro;chocolat
glacage-rocher-choco;pro;chocolat
glace-vanille-chocolat;pro;chocolat
macarons;public;chocolat
macarons-chocolat;pro;chocolat
millefeuillepoire;public;chocolat
mousse;public;chocolat
mousse-chocolat;pro;chocolat
mousse-chocolat-pate-a-bombe-choco;pro;chocolat
moussechocblanc;public;chocolat
moussecroustillante;public;chocolat
namelaka-chocolat-choco;pro;chocolat
nemsbanane;public;chocolat
opera;pro;chocolat
opera-marocain-maroc;pro;chocolat
orangettes;pro;chocolat
pain-chocolat;pro;chocolat
paletchocolatcafe;public;chocolat
pot-de-creme;pro;chocolat
prestige-chocolat-maroc;pro;chocolat
religieuses;pro;chocolat
souffle-chocolat;pro;chocolat
soufflechocolat;public;chocolat
soupechocolat;public;chocolat
tablette-garnie-fruits-secs-choco;pro;chocolat
tarte-chocolat-ganache-et-praline-choco;pro;chocolat
tarte-poire-chocolat;pro;chocolat
tartechoc;public;chocolat
tartelettes-chocolat;pro;chocolat
tartemendiants;public;chocolat
triangle-chocolats;pro;chocolat
truffes-vanille;pro;chocolat
bonbon-praline-feuillete-moule-choco;pro;feuilletine
croustillant-praline-feuilletine-choco;pro;feuilletine
praline-amande-noisette-60-choco;pro;feuilletine
praline-noisette-50-choco;pro;feuilletine
allumettes-fromage;pro;générique
ananasroti;public;générique
autres-petits-fours;pro;générique
baghrir;public;générique
baghrir-farci-maroc;pro;générique
baklavamaroc;public;générique
bananabread;public;générique
bande-fruits;pro;générique
bavarois;pro;générique
beghrir-sucre-maroc;pro;générique
beignets;public;générique
beignets-acacia;pro;générique
beignets-nature;pro;générique
beignets-pommes;pro;générique
biscuit-quatrequarts;pro;générique
biscuit-savoie;pro;générique
biscuit-savoie-amandes;pro;générique
biscuitroule;public;générique
biscuits-cuillere;pro;générique
boules-coco;public;générique
boules-coco-maroc;pro;générique
brioche-feuilletee;pro;générique
briouate-au-miel-maroc;pro;générique
briouates-aux-amandes-maroc;pro;générique
briouates-aux-dattes-maroc;pro;générique
briouatesmiel;public;générique
brookie;public;générique
bugnes;pro;générique
cake-fruits;pro;générique
cakefruitsconfits;public;générique
cakemarbre;public;générique
canneles;pro;générique
carrot-cake-structurant-cd;pro;générique
charlotte;public;générique
chausson;pro;générique
chebakia;public;générique
chebakia-maroc;pro;générique
cheesecake;public;générique
chiacoco;public;générique
choux-creme;pro;générique
churros;public;générique
cigares-aux-amandes-maroc;pro;générique
cigarettes-russes;pro;générique
citron;public;générique
citronsouffle;public;générique
clafoutis;public;générique
cornesgazelle;public;générique
cornesgazelleglace;public;générique
cornets-aux-amandes-maroc;pro;générique
coupelitchi;public;générique
creme-au-beurre-meringue-suisse-cd;pro;générique
creme-brulee;pro;générique
creme-viennoise;pro;générique
cremebrulee;public;générique
cremesesame;public;générique
crepes;pro;générique
crepes-normandes;pro;générique
croissant;pro;générique
croquembouche;pro;générique
croquets-au-sesame-maroc;pro;générique
croquets-maroc;pro;générique
croustade;public;générique
crumble;public;générique
dacquoise-cafe;pro;générique
delice-amande-maroc;pro;générique
delices-pistache-maroc;pro;générique
diamants-maroc;pro;générique
dulcedeleche;public;générique
eclairs;public;générique
eclairs-cafe;pro;générique
escargot;pro;générique
etonmess;public;générique
eventails-maroc;pro;générique
far-breton;pro;générique
fekkas;public;générique
fekkas-au-miel-maroc;pro;générique
fekkas-au-sesame-maroc;pro;générique
fekkas-maroc;pro;générique
fekkas-miel;public;générique
feqqas-aux-amandes-maroc;pro;générique
feqqasamandes;public;générique
feuilletescannelle;public;générique
figuesroties;public;générique
financiernoisette;public;générique
financiers;pro;générique
financiers;public;générique
flan-montmorency;pro;générique
flan-patissier;pro;générique
flanpatissier;public;générique
fondant;public;générique
foret-noire;pro;générique
foretnoire;public;générique
fraisier;pro;générique
fruits-deguises;pro;générique
galetterois;public;générique
gateau-aux-amandes-marocain-maroc;pro;générique
gateaubasque;public;générique
gateaucrepes;public;générique
gateaurenverse;public;générique
gateausavoie;public;générique
gateaux-aux-abricots-maroc;pro;générique
gateaux-aux-dattes-maroc;pro;générique
gateaux-aux-figues-maroc;pro;générique
gateaux-aux-oranges-maroc;pro;générique
gateaux-aux-raisins-secs-maroc;pro;générique
gateaux-marbres-maroc;pro;générique
genoise-anglaise;pro;générique
ghriba;public;générique
ghriba-a-la-noix-de-coco-maroc;pro;générique
ghriba-au-beurre-maroc;pro;générique
ghriba-au-sesame-maroc;pro;générique
ghriba-aux-amandes-maroc;pro;générique
ghriba-aux-noix-maroc;pro;générique
ghriba-bahla;public;générique
ghriba-bahla-maroc;pro;générique
ghriba-coco-maroc;pro;générique
glace-abricots;pro;générique
gougeres;pro;générique
granola;public;générique
gratin-fraises;pro;générique
griwech;public;générique
griwech-maroc;pro;générique
guimauve;pro;générique
harcha;public;générique
harcha-sucree-maroc;pro;générique
jalousie;pro;générique
jawhara;public;générique
jawhara-maroc;pro;générique
kaab-el-ghzal-m-fenned-maroc;pro;générique
kaab-el-ghzal-maroc;pro;générique
kugelhopf;pro;générique
layercake;public;générique
losanges-aux-amandes-maroc;pro;générique
m-hancha-aux-amandes-maroc;pro;générique
m-hancha-maroc;pro;générique
m-khabez-maroc;pro;générique
maamoul-maroc;pro;générique
madeleines;pro;générique
madeleines;public;générique
makrout;public;générique
makrout-aux-amandes-maroc;pro;générique
makrout-maroc;pro;générique
mchouek-coco;public;générique
mchouek-coco-maroc;pro;générique
meloui-sucre-maroc;pro;générique
meringue-chantilly;pro;générique
meringue-glacee-chantilly;pro;générique
meringues-rochers;pro;générique
merveilleux;public;générique
mhancha;public;générique
milkshake;public;générique
millefeuille;pro;générique
millefeuille;public;générique
millefeuille-fruits;pro;générique
mini-choux-maroc;pro;générique
mini-eclairs-maroc;pro;générique
mini-tartelettes-maroc;pro;générique
mkhabez;public;générique
mlouza;public;générique
mlouza-maroc;pro;générique
moelleuxpommes;public;générique
moka-cafe;pro;générique
montblanc;public;générique
mousse-melon;pro;générique
msemen-maroc;pro;générique
msemen-sucre-maroc;pro;générique
msemensucre;public;générique
nougat-glace;pro;générique
nougat-montelimar;pro;générique
oeufs-neige;pro;générique
oeufsaulait;public;générique
oeufsenneige;public;générique
omelette-norvegienne;pro;générique
omelettenorvegienne;public;générique
oranges-givrees;pro;générique
oreillettes;public;générique
pain-de-genes;pro;générique
pain-epices;pro;générique
paindepice;public;générique
painperdu;public;générique
palmier;pro;générique
palmiers;public;générique
pancakes;public;générique
pannacotta;public;générique
parisbrest;pro;générique
parisbrest;public;générique
pavlova;pro;générique
pavlova;public;générique
petits-choux-saumon;pro;générique
petits-fours-choux;pro;générique
petits-fours-sables;pro;générique
pithiviers;pro;générique
poire-belle-helene;pro;générique
poirehelene;public;générique
pommesfour;public;générique
potsdecreme;public;générique
pralinemaison;public;générique
quatrequarts-amandes;pro;générique
quiche-comtoise;pro;générique
rghayef-au-miel-maroc;pro;générique
richbond-maroc;pro;générique
riz-au-lait;pro;générique
riz-imperatrice;pro;générique
rizaulait;public;générique
rochers-coco;public;générique
rochers-coco-maroc;pro;générique
rosesdessables;public;générique
sables;public;générique
sables-vanille;pro;générique
sainthonore;pro;générique
sainthonore;public;générique
saladefraises;public;générique
saucisson-brioche;pro;générique
savarin;pro;générique
sellou;public;générique
sellou-maroc;pro;générique
sfenj;public;générique
sfouf;public;générique
sirop-de-punchage-cd;pro;générique
sorbet-azote;pro;générique
sorbet-fraises;pro;générique
sorbets-fruits;pro;générique
souffle-fromage;pro;générique
souffle-liqueur;pro;générique
tapiocacoco;public;générique
tarte-citron;pro;générique
tarte-fromage-blanc;pro;générique
tarte-fruits-rouges;pro;générique
tarte-linzer;pro;générique
tarte-poires-bourdaloue;pro;générique
tarte-pommes-alsacienne;pro;générique
tarte-pommes-compote;pro;générique
tarte-tatin;pro;générique
tarteabricots;public;générique
tartecitron;public;générique
tartefigues;public;générique
tartefine;public;générique
tartefraises;public;générique
tartelettes-aux-fruits-maroc;pro;générique
tartelettes-citron-meringuees;pro;générique
tartemirabelles;public;générique
tartepeches;public;générique
tatin;public;générique
tcharek;public;générique
tcharek-maroc;pro;générique
tiramisu;public;générique
tiramisucitron;public;générique
tuiles-amandes;pro;générique
tuiles-diverses;pro;générique
vacherin;public;générique
vacherin-glace;pro;générique
verrinepoire;public;générique
yaourts;public;générique
zlabia;public;générique
madeira-cake-gateau-porteur-cd;pro;pate
montage-d-un-gateau-a-etages-cd;pro;pate
pate-a-fleurs-gum-paste-cd;pro;pate
pate-a-sucre-maison-cd;pro;pate
barquettes-maroc;pro;topping
brochettesbananes;public;topping
carres-prestige-maroc;pro;topping
charlotte-fraises;pro;topping
creme-caramel;pro;topping
cremecaramel;public;topping
delices-noisette-maroc;pro;topping
entremets-caramel-rhum;pro;topping
entremets-marrons;pro;topping
fingers-maroc;pro;topping
gateaux-au-cafe-maroc;pro;topping
gateaux-prestige-maroc;pro;topping
glacage-cream-cheese-ferme-cd;pro;topping
glacage-miroir-chocolat-choco;pro;topping
glacage-royal-cd;pro;topping
mini-entremets-maroc;pro;topping
pechemelba;public;topping
popcorncaramel;public;topping
prestige-cafe-maroc;pro;topping
prestige-noisette-maroc;pro;topping
prestige-pistache-maroc;pro;topping
